{
  "mean": [
    76.93944999999987,
    3097.66275,
    48.479724999999846,
    92.16675000000001,
    54.50227499999998,
    24.95665000000001
  ],
  "std": [
    33.57923910242011,
    1300.499368324507,
    28.009926926437593,
    8.095375188186168,
    25.928203222058666,
    7.951389235693337
  ],
  "classes": [
    "AGGRESSIVE",
    "NORMAL",
    "SLOW"
  ]
}